Designator,Mid X,Mid Y,Layer,Rotation,Ref-X(mm),Ref-Y(mm)
M1,39.725000mm,95.275000mm,0.0,Top,39.725000mm,95.275000mm
M2,92.750000mm,91.750000mm,0.0,Top,92.750000mm,91.750000mm
M3,38.800000mm,50.425000mm,0.0,Top,38.800000mm,50.425000mm
M4,39.175000mm,34.250000mm,0.0,Top,39.175000mm,34.250000mm
M5,17.025000mm,32.375000mm,0.0,Top,17.025000mm,32.375000mm
M6,103.000000mm,36.675000mm,0.0,Top,103.000000mm,36.675000mm
M7,25.475000mm,73.700000mm,0.0,Top,25.475000mm,73.700000mm
M8,75.825000mm,30.700000mm,0.0,Top,75.825000mm,30.700000mm
P1,14.498000mm,77.482000mm,0.0,Top,14.498000mm,77.482000mm
