Ref,Val,Package,PosX,PosY,Rot,Side
"M1","Module-can-0.1","can",39.725000,95.275000,0.000000,top
"M2","Module-power5-0.1","power5",92.750000,91.750000,0.000000,top
"M3","Module-mcu-0.1","mcu",38.800000,50.425000,0.000000,top
"M4","Module-input-0.1","input",39.175000,34.250000,0.000000,top
"M5","Module-knock-0.1","knock",17.025000,32.375000,0.000000,top
"M6","Module-output-0.1","output",103.000000,36.675000,0.000000,top
"M7","Module-ign8-0.1","ign8",25.475000,73.700000,0.000000,top
"M8","Module-power12-0.1","power12",75.825000,30.700000,0.000000,top
"P1","368255-2","368255-2",14.498000,77.482000,0.000000,top
